Page,Status,Priority,Complexity,Notes
AccessReporter\Default.aspx,Archived,2,0,
AccessReporter\PDFViewer.aspx,Archived,2,0,
AccessReporter\zaAccessReporterDemo.aspx,Archived,2,0,
AccessReporter\UserGuide.aspx,Redirect,4,0,
Advertising\Default.aspx,To-do,4,2,
AgileTemplate\Reports\Default.aspx,Archived,2,0,
AgileTemplate\Default.aspx,Archived,2,0,
AgileTemplate\ManageProjects.aspx,Archived,2,0,
AgileTemplate\UserGuide.aspx,Archived,2,0,
Angular\Default.aspx,Done,1,0,
Bot\Default.aspx,Done,1,0,
Bots\Default.aspx,Done,1,0,
CacheManagement.aspx,To-do,4,2,
China\blank.aspx,Done,1,0,
China\ChinaPigeon.aspx,Done,1,0,
China\ChinaRaven.aspx,Done,1,0,
China\ChinaRavenSubPage.aspx,Done,1,0,
China\default.aspx,Done,1,0,
China\EmploymentChina.aspx,Done,1,0,
CodeAuditor\Contact\Default.aspx,To-do,4,2,
CodeAuditor\Default.aspx,To-do,4,2,
CodeAuditor\defaultmockup.aspx,To-do,4,2,
CodeAuditor\HowtobeGoodCodeAuditorDailyBuildMaster.aspx,To-do,4,2,
CodeAuditor\ImageSizeBad.aspx,To-do,4,2,
CodeAuditor\ImageSizeGood.aspx,To-do,4,2,
CodeAuditor\resources.aspx,To-do,4,2,
CodeAuditor\rsuserguide.aspx,To-do,4,2,
CodeAuditor\Rules.aspx,To-do,4,2,
CodeAuditor\simplewebpages.aspx,To-do,4,2,
CodeAuditor\Tutorial.aspx,To-do,4,2,
CodeAuditor\UserGuide.aspx,To-do,4,2,
CodeAuditor\UserGuideASPMigration.aspx,To-do,4,2,
CodeAuditor\UserGuideASPMigrationScreenshot.aspx,To-do,4,2,
CodeAuditor\UserGuideCheckInPolicy.aspx,To-do,4,2,
CodeAuditor\UserGuideCustomRuleforSQL.aspx,To-do,4,2,
CodeAuditor\UserGuideVS.aspx,To-do,4,2,
CodeAuditor\UserGuideWizard.aspx,To-do,4,2,
CodeAuditor\UserGuide_Old.aspx,To-do,4,2,
CodeAuditor\webmag.aspx,To-do,4,2,
CodeAuditor\RegExTutorial.aspx,Done,1,0,
Company\Awards\Default.aspx,To-do,4,2,
Company\Clients\Default.aspx,Done,1,0,
Company\ConfirmEMailSent.aspx,To-do,4,2,
Company\Culture\Default.aspx,Done,1,0,
Company\Directions\Beijing\Default.aspx,Done,1,0,
Company\Directions\Brisbane\Default.aspx,Done,1,0,
Company\Directions\China\Default.aspx,Done,1,0,
Company\Directions\Coogee\Default.aspx,Done,1,0,
Company\Directions\Hangzhou\Default.aspx,Done,1,0,
Company\Directions\Melbourne\Default.aspx,Done,1,0,
Company\Directions\NeutralBay\Default.aspx,Done,1,0,
Company\Directions\Newcastle\Default.aspx,Done,1,0,
Company\Directions\Sydney\Default.aspx,Done,1,0,
Company\Directions\Default.aspx,Done,1,0,
Company\History\Default.aspx,Done,1,0,
Company\Resources.aspx,To-do,4,2,
Company\Web-Reference.aspx,To-do,4,2,
Company\AboutUs.aspx,Done,1,0,
Company\Awards.aspx,Done,1,0,
Company\Brisbane.aspx,Done,1,0,
Company\Clients.aspx,Done,1,0,
Company\ContactUs.aspx,Done,1,0,
Company\Default.aspx,Done,1,0,
Company\History.aspx,Done,1,0,
Company\Melbourne.aspx,Done,1,0,
Company\Newcastle.aspx,Done,1,0,
Company\zzOffices\Default.aspx,Done,1,0,
Company\Offices.aspx,Done,1,0,
Company\Privacy.aspx,Done,1,0,
Company\Sydney.aspx,Done,1,0,
Components\ShowFileIcon.aspx,Done,1,0,
Consulting\Case-Study\AuctionsPlus.aspx,To-do,4,2,
Consulting\Case-Study\Aurecon.aspx,To-do,4,2,
Consulting\Case-Study\Ausgrid.aspx,To-do,4,2,
Consulting\Case-Study\BCE.aspx,To-do,4,2,
Consulting\Case-Study\Bupa.aspx,To-do,4,2,
Consulting\Case-Study\eMove.aspx,To-do,4,2,
Consulting\Case-Study\EstateMaster.aspx,To-do,4,2,
Consulting\Case-Study\EventCinemas.aspx,To-do,4,2,
Consulting\Case-Study\HutchisonWeller.aspx,To-do,4,2,
Consulting\Case-Study\Maximus.aspx,To-do,4,2,
Consulting\Case-Study\Medibank.aspx,To-do,4,2,
Consulting\Case-Study\PwC.aspx,To-do,4,2,
Consulting\Case-Study\SharePoint-Office-Forum.aspx,To-do,4,2,
Consulting\Case-Study\Shepherd-Centre.aspx,To-do,4,2,
Consulting\Case-Study\SydneyUni.aspx,To-do,4,2,
Consulting\Case-Study\TAFE.aspx,To-do,4,2,
Consulting\Case-Study\Toll.aspx,To-do,4,2,
Consulting\Case-Study\VulcanSteel.aspx,To-do,4,2,
Consulting\Case-Study\WorleyParsons.aspx,To-do,4,2,
Consulting\Case-Study\Auctions-Plus.aspx,Done,1,0,
Consulting\Case-Study\Default.aspx,Done,1,0,
Consulting\Consulting.aspx,To-do,4,2,
Consulting\Crash-Plan-Pro.aspx,To-do,4,2,
Consulting\Maps-Development.aspx,To-do,4,2,
Consulting\NewSharePointBenefits.aspx,To-do,4,2,
Consulting\Access-Database-Development.aspx,Done,1,0,
Consulting\Access-Database-Upsizing.aspx,Done,1,0,
Consulting\Accounting-Packages.aspx,Done,1,0,
Consulting\ALM-Azure-DevOps.aspx,Done,1,0,
Consulting\alm-building-quality-applications.aspx,Done,1,0,
Consulting\alm-project-and-process-management.aspx,Done,1,0,
Consulting\alm-source-control-branching.aspx,Done,1,0,
Consulting\alm-test-quality-assurance.aspx,Done,1,0,
Consulting\Angular.aspx,Done,1,0,
Consulting\Are-You-Stuck.aspx,Done,1,0,
Consulting\ArtificialIntelligence.aspx,Done,1,0,
Consulting\Azure-Synapse.aspx,Done,1,0,
Consulting\Azure.aspx,Done,1,0,
Consulting\BackBlaze-and-CloudBerry-Backup.aspx,Done,1,0,
Consulting\Backup-Recovery.aspx,Done,1,0,
Consulting\Blazor.aspx,Done,1,0,
Consulting\Bots.aspx,Done,1,0,
Consulting\Chinafy-App.aspx,Done,1,0,
Consulting\ContentManagement.aspx,Done,1,0,
Consulting\Data-Protection-Manager.aspx,Done,1,0,
Consulting\Database-Development.aspx,Done,1,0,
Consulting\Default.aspx,Done,1,0,
Consulting\Desktop-Development.aspx,Done,1,0,
Consulting\DevOps.aspx,Done,1,0,
Consulting\DNN-DotNetNuke.aspx,Done,1,0,
Consulting\Document-Management-Workflow.aspx,Done,1,0,
Consulting\Enterprise-Reporting.aspx,Done,1,0,
Consulting\GPT.aspx,Done,1,0,
Consulting\HoloLens.aspx,Done,1,0,
Consulting\HostedTFS.aspx,Done,1,0,
Consulting\Hyper-V.aspx,Done,1,0,
Consulting\Intune.aspx,Done,1,0,
Consulting\Jamstack.aspx,Done,1,0,
Consulting\Kentico.aspx,Done,1,0,
Consulting\Kubernetes.aspx,Done,1,0,
Consulting\Mentoring.aspx,Done,1,0,
Consulting\Microsoft-Dynamics-365.aspx,Done,1,0,
Consulting\Microsoft-Teams.aspx,Done,1,0,
Consulting\Microsoft-Viva.aspx,Done,1,0,
Consulting\Mobile-Application-Development.aspx,Done,1,0,
Consulting\Network-Architecture.aspx,Done,1,0,
Consulting\Office-365.aspx,Done,1,0,
Consulting\Orchard.aspx,Done,1,0,
Consulting\PayPerClick.aspx,Done,1,0,
Consulting\PerformancePoint.aspx,Done,1,0,
Consulting\Power-BI.aspx,Done,1,0,
Consulting\Power-Platform.aspx,Done,1,0,
Consulting\PowerShell.aspx,Done,1,0,
Consulting\Product-Design.aspx,Done,1,0,
Consulting\React.aspx,Done,1,0,
Consulting\Remote-Work.aspx,Done,1,0,
Consulting\Scrum.aspx,Done,1,0,
Consulting\Security.aspx,Done,1,0,
Consulting\Service-Desk.aspx,Done,1,0,
Consulting\SharePoint.aspx,Done,1,0,
Consulting\Silverlight.aspx,Done,1,0,
Consulting\SiteCore.aspx,Done,1,0,
Consulting\Sitefinity.aspx,Done,1,0,
Consulting\Skype-for-Business.aspx,Done,1,0,
Consulting\Smart-Office-and-Smart-Home.aspx,Done,1,0,
Consulting\Software-Audit.aspx,Done,1,0,
Consulting\SoftwareAudit.aspx,Done,1,0,
Consulting\SoftwareAuditWindows7Logo.aspx,Done,1,0,
Consulting\SourceControl.aspx,Done,1,0,
Consulting\Strategic-Architecture.aspx,Done,1,0,
Consulting\Support-Plans.aspx,Done,1,0,
Consulting\zzTerms-and-Conditions\Default.aspx,Done,1,0,
Consulting\Test-Practice.aspx,Done,1,0,
Consulting\UI-UX-Design.aspx,Done,1,0,
Consulting\Umbraco.aspx,Done,1,0,
Consulting\Video-Conferencing.aspx,Done,1,0,
Consulting\zzVideo-Production\Conference-Video-Recording.aspx,Done,1,0,
Consulting\zzVideo-Production\Default.aspx,Done,1,0,
Consulting\zzVideo-Production\Video-Production-Content-Marketing.aspx,Done,1,0,
Consulting\zzVideo-Production\Video-Production-Custom-Video.aspx,Done,1,0,
Consulting\zzVideo-Production\Video-Production-Presentation.aspx,Done,1,0,
Consulting\zzVideo-Production\Video-Production-Product-Services.aspx,Done,1,0,
Consulting\zzVideo-Production\Video-Production-Reusable-Extras.aspx,Done,1,0,
Consulting\zzVideo-Production\Video-Production-Training.aspx,Done,1,0,
Consulting\Vuejs.aspx,Done,1,0,
Consulting\Web-Applications.aspx,Done,1,0,
Consulting\WordPress.aspx,Done,1,0,
Consulting\Xero-MYOB.aspx,Done,1,0,
Consulting\Zendesk.aspx,Done,1,0,
Consulting\zSoftware-Audit.aspx,Done,1,0,
Courses.aspx,To-do,4,2,
Database\databaseconnection.aspx,To-do,4,2,
Database\databasedocslinks.aspx,To-do,4,2,
Database\DLLHell.aspx,To-do,4,2,
Database\Exchange.aspx,To-do,4,2,
Database\LinksSoftwareUpdates.aspx,To-do,4,2,
Database\MobileApplicationDevelopment.aspx,To-do,4,2,
Database\NET.aspx,To-do,4,2,
Database\sswdatarenovatorinfo.aspx,To-do,4,2,
DataMergePRO\Default.aspx,Archived,2,0,
DataMergePRO\Tutorial.aspx,Archived,2,0,
DataPRO\Default.aspx,Archived,2,0,
DataRenovator\Default.aspx,Archived,2,0,
DataRenovator\UserGuide.aspx,Archived,2,0,
decommissioned\googlekeywords.aspx,To-do,4,2,
decommissioned\SpeechServer_Telephony_Solutions.aspx,To-do,4,2,
decommissioned\testimonialsacademytiles.aspx,To-do,4,2,
decommissioned\WhyWeExist.aspx,To-do,4,2,
Demos\Default.aspx,To-do,4,2,
Diagnostics\Admin\Default.aspx,To-do,4,2,
Diagnostics\Admin\zsInstructions.aspx,To-do,4,2,
Diagnostics\Default.aspx,To-do,4,2,
Diagnostics\History.aspx,To-do,4,2,
Diagnostics\HistoryReport.aspx,To-do,4,2,
Diagnostics\HowUnrecognizedVersionsWork.aspx,To-do,4,2,
Diagnostics\ProductDetails.aspx,To-do,4,2,
Diagnostics\Unrecognized.aspx,To-do,4,2,
Diagnostics\UserGuide.aspx,To-do,4,2,
Diagnostics\zsMaintainance\AffiliateBookDetail.aspx,To-do,4,2,
Diagnostics\zsMaintainance\AffiliateBooks.aspx,To-do,4,2,
Diagnostics\zsMaintainance\AffiliateSoftwareDetail.aspx,To-do,4,2,
Diagnostics\zsMaintainance\AffiliateSoftwares.aspx,To-do,4,2,
Diagnostics\zsMaintainance\Categories.aspx,To-do,4,2,
Diagnostics\zsMaintainance\CategoryDetail.aspx,To-do,4,2,
Diagnostics\zsMaintainance\Default.aspx,To-do,4,2,
Diagnostics\zsMaintainance\ExcludeDetail.aspx,To-do,4,2,
Diagnostics\zsMaintainance\Excludes.aspx,To-do,4,2,
Diagnostics\zsMaintainance\FileDefinitionDetail.aspx,To-do,4,2,
Diagnostics\zsMaintainance\FileDefinitions.aspx,To-do,4,2,
Diagnostics\zsMaintainance\ManufacturerDetail.aspx,To-do,4,2,
Diagnostics\zsMaintainance\Manufacturers.aspx,To-do,4,2,
Diagnostics\zsMaintainance\NewAffiliateBook.aspx,To-do,4,2,
Diagnostics\zsMaintainance\NewAffiliateSoftware.aspx,To-do,4,2,
Diagnostics\zsMaintainance\NewCategory.aspx,To-do,4,2,
Diagnostics\zsMaintainance\NewExclude.aspx,To-do,4,2,
Diagnostics\zsMaintainance\NewFileDefinition.aspx,To-do,4,2,
Diagnostics\zsMaintainance\NewManufacturer.aspx,To-do,4,2,
Diagnostics\zsMaintainance\NewProduct.aspx,To-do,4,2,
Diagnostics\zsMaintainance\NewProductAffiliateBook.aspx,To-do,4,2,
Diagnostics\zsMaintainance\NewProductAffiliateSoftware.aspx,To-do,4,2,
Diagnostics\zsMaintainance\NewProductGroup.aspx,To-do,4,2,
Diagnostics\zsMaintainance\NewProductVersion.aspx,To-do,4,2,
Diagnostics\zsMaintainance\NewRegistryKey.aspx,To-do,4,2,
Diagnostics\zsMaintainance\NewRegistryKeyDefinition.aspx,To-do,4,2,
Diagnostics\zsMaintainance\NewSysdiagram.aspx,To-do,4,2,
Diagnostics\zsMaintainance\ProductAffiliateBookDetail.aspx,To-do,4,2,
Diagnostics\zsMaintainance\ProductAffiliateBooks.aspx,To-do,4,2,
Diagnostics\zsMaintainance\ProductAffiliateSoftwareDetail.aspx,To-do,4,2,
Diagnostics\zsMaintainance\ProductAffiliateSoftwares.aspx,To-do,4,2,
Diagnostics\zsMaintainance\ProductDetail.aspx,To-do,4,2,
Diagnostics\zsMaintainance\ProductGroupDetail.aspx,To-do,4,2,
Diagnostics\zsMaintainance\ProductGroups.aspx,To-do,4,2,
Diagnostics\zsMaintainance\Products.aspx,To-do,4,2,
Diagnostics\zsMaintainance\ProductVersionDetail.aspx,To-do,4,2,
Diagnostics\zsMaintainance\ProductVersions.aspx,To-do,4,2,
Diagnostics\zsMaintainance\RegistryKeyDefinitionDetail.aspx,To-do,4,2,
Diagnostics\zsMaintainance\RegistryKeyDefinitions.aspx,To-do,4,2,
Diagnostics\zsMaintainance\RegistryKeyDetail.aspx,To-do,4,2,
Diagnostics\zsMaintainance\RegistryKeys.aspx,To-do,4,2,
Diagnostics\zsMaintainance\SysdiagramDetail.aspx,To-do,4,2,
Diagnostics\zsMaintainance\Sysdiagrams.aspx,To-do,4,2,
Diagnostics\zsMaintainance\VersionsXml\XmlGeneration.aspx,To-do,4,2,
Diagnostics\zsMaintainance\VersionsXml\zsValidate.aspx,To-do,4,2,
Domains-For-Sale.aspx,To-do,4,2,
Download\PADFiles\Default.aspx,To-do,4,2,
Educational\Default.aspx,Done,1,0,
EmailMergePRO\Default.aspx,Archived,2,0,
EmailMergePRO\userguide.aspx,Archived,2,0,
Employees\EmployeesProfile.aspx,Done,1,0,
Employees\EmployeesXML.aspx,Done,1,0,
Employees\EmployeesXMLMenu.aspx,Done,1,0,
Employment\Default.aspx,Done,1,0,
Employment\Employment.aspx,Done,1,0,
Employment\EmploymentChina.aspx,Done,1,0,
ErrorPage.aspx,To-do,4,2,
Events\2001MSDevDays\Default.aspx,Archived,2,0,
Events\2001ODDC\default.aspx,Done,1,0,
Events\2002VSLive\Default.aspx,Archived,2,0,
Events\2004AccessToSQLServerAndNET\Default.aspx,Archived,2,0,
Events\2004AccessToSQLServerAndNET\resources.aspx,Archived,2,0,
Events\2004Ascend\Default.aspx,Archived,2,0,
Events\2004Kenya\Agenda.aspx,Archived,2,0,
Events\2004Kenya\Default.aspx,Archived,2,0,
Events\2004MalaysiaConference\Default.aspx,Archived,2,0,
Events\2005-11UG\Conference.aspx,Archived,2,0,
Events\2005AccessToSQLServerAndNET\Default.aspx,Archived,2,0,
Events\2005AccessToSQLServerAndNET\resources.aspx,Archived,2,0,
Events\2005ReportingServices\Default.aspx,Archived,2,0,
Events\2005ReportingServices\resources.aspx,Redirect,4,0,
Events\2005SouthAmericaJanuary\Default.aspx,Archived,2,0,
Events\2005SouthAmericaOctober\Default.aspx,Archived,2,0,
Events\2005UTSNET\resources.aspx,Archived,2,0,
Events\2005UTSNET\Default.aspx,Redirect,4,0,
Events\2006EarnMorePerHour\Default.aspx,Archived,2,0,
Events\2006EarnMorePerHour\resources.aspx,Redirect,4,0,
Events\2006EarnMorePerHourWorkshop\Default.aspx,Archived,2,0,
Events\2006EarnMorePerHourWorkshop\resources.aspx,Redirect,4,0,
Events\2006Expression\Default.aspx,Archived,2,0,
Events\2006SQL\Default.aspx,Archived,2,0,
Events\2006SQL\resources.aspx,Archived,2,0,
Events\2006TeamSystem\Default.aspx,Archived,2,0,
Events\2006UTSNET\resources.aspx,Redirect,4,0,
Events\2006UTSNET\Default.aspx,Done,1,0,
Events\2006UTS_BI\resources.aspx,Archived,2,0,
Events\2007AprilCanberraNETUG\Default.aspx,Archived,2,0,
Events\2007NET\Default.aspx,Archived,2,0,
Events\2007NET\resources.aspx,Archived,2,0,
Events\2007SQL\Default.aspx,Archived,2,0,
Events\2007SQL\resources.aspx,Archived,2,0,
Events\2007UTSNET\Default.aspx,Redirect,4,0,
Events\2007UTSNET\resources.aspx,Redirect,4,0,
Events\2007UTS_BI\resources.aspx,Archived,2,0,
Events\2008BICourse\Default.aspx,Redirect,4,0,
Events\2008UTSNET\Default.aspx,Redirect,4,0,
Events\2008UTSNET\resources.aspx,Redirect,4,0,
Events\2008UTSSQL\Default.aspx,Archived,2,0,
Events\2008UTSSQL\resources.aspx,Archived,2,0,
Events\2009TourDeWagga\DailyBreakdown.aspx,Archived,2,0,
Events\2009TourDeWagga\Default.aspx,Archived,2,0,
Events\2009UTSNET\Default.aspx,Redirect,4,0,
Events\2009UTSNET\resources.aspx,Redirect,4,0,
Events\2009UTSSharePoint\Default.aspx,Redirect,4,0,
Events\2009UTSSQL\Default.aspx,Archived,2,0,
Events\2009UTSSQL\resources.aspx,Archived,2,0,
Events\2010UTSBI\Default.aspx,Archived,2,0,
Events\2010UTSSharePoint\Default.aspx,Redirect,4,0,
Events\2010UTSSQL\Default.aspx,Archived,2,0,
Events\2010UTSSQL\resources.aspx,Archived,2,0,
Events\2011UTSNET\Default.aspx,Archived,2,0,
Events\2011UTSSharePoint\Default.aspx,Archived,2,0,
Events\2011UTSSQL\Default.aspx,Archived,2,0,
Events\ebooks\angularjs-5-lessons-from-the-trenches.aspx,Archived,2,0,
Events\TechBreakfast\How-to-become-a-developer-in-2015.aspx,Archived,2,0,
Events\TechBreakfast\How-to-change-your-career-and-become-a-developer-in-2015.aspx,Archived,2,0,
Events\TechBreakfast\How-to-upgrade-your-skills-to-developer-in-2015.aspx,Archived,2,0,
Events\Training\Advanced-TSQL.aspx,Archived,2,0,
Events\Training\ASP-NET-MVC-AngularJS-TechEd-Secret.aspx,Archived,2,0,
Events\Training\ASP-NET-MVC-AngularJS-TechEd.aspx,Archived,2,0,
Events\Training\BI-Bootcamp.aspx,Archived,2,0,
Events\Training\BI-Immersion.aspx,Archived,2,0,
Events\Training\Brain-Quest-ALM-in-a-Day.aspx,Archived,2,0,
Events\Training\Brain-Quest-VS-TFS-Sharepoint.aspx,Archived,2,0,
Events\Training\Data-Mining-Seminar.aspx,Archived,2,0,
Events\Training\DevOps-SuperPowers-VisualStudio.aspx,Archived,2,0,
Events\Training\Enterprise-MVC-Day-1.aspx,Archived,2,0,
Events\Training\Enterprise-MVC-Day-2.aspx,Archived,2,0,
Events\Training\Enterprise-MVC-Day-3.aspx,Archived,2,0,
Events\Training\Enterprise-MVC-Day-4.aspx,Archived,2,0,
Events\Training\Enterprise-Xamarin-2-Day-Essentials.aspx,Archived,2,0,
Events\Training\Ionic-Superpowers-Tour.aspx,Archived,2,0,
Events\Training\Juval-Lowy-Architects-Clinic.aspx,Archived,2,0,
Events\Training\Optimization-Performance.aspx,Archived,2,0,
Events\Training\Power-Sessions.aspx,Archived,2,0,
Events\Training\QUT-Angular2.aspx,Archived,2,0,
Events\Training\Scrum-Master-Training-Course.aspx,Archived,2,0,
Events\Training\Scrum-Training-Course-3-days.aspx,Archived,2,0,
Events\Training\Scrum-Training-Course.aspx,Archived,2,0,
Events\Training\SolidQ-Courses.aspx,Archived,2,0,
Events\Training\SQL-Server-2012-Integration-Services.aspx,Archived,2,0,
Events\Training\SSIS-Seminar.aspx,Archived,2,0,
Events\Training\TechBreakfast-VS-2012.aspx,Archived,2,0,
Events\Training\TSQL-Fundamentals.aspx,Archived,2,0,
Events\Training\VS-2012.aspx,Archived,2,0,
Events\Training\Training-Options.aspx,Redirect,4,0,
Events\Training\Angular-ASP-MVC-in-VS2015-Jumpstart.aspx,Done,1,0,
Events\Training\Angular-Superpowers-Tour.aspx,Done,1,0,
Events\Training\Angular-Workshop.aspx,Done,1,0,
Events\Training\Azure-Superpowers-Tour.aspx,Done,1,0,
Events\Training\Azure-Superskills.aspx,Done,1,0,
Events\Training\Brain-Quest-VS2015-ASP-NET-vNext-DevOps-Discount.aspx,Done,1,0,
Events\Training\Brain-Quest-VS2015-ASP-NET-vNext-DevOps.aspx,Done,1,0,
Events\Training\Clean-Architecture-Superpowers-Tour.aspx,Done,1,0,
Events\Training\Clean-Architecture-Workshop.aspx,Done,1,0,
Events\Training\Courses.aspx,Done,1,0,
Events\Training\default.aspx,Done,1,0,
Events\Training\DevOps-SuperPowers-VS2015-ASP-NET-vNext-Discount.aspx,Done,1,0,
Events\Training\DevOps-SuperPowers-VS2015-ASP-NET-vNext.aspx,Done,1,0,
Events\Training\Enterprise-MVC-Part-1.aspx,Done,1,0,
Events\Training\Enterprise-MVC-Part-2.aspx,Done,1,0,
Events\Training\NET-5-Superpowers-Tour.aspx,Done,1,0,
Events\Training\NET-6-Superpowers-Tour.aspx,Done,1,0,
Events\Training\NET-Core-Superpowers-Tour.aspx,Done,1,0,
Events\Training\NET-Superpowers-Tour.aspx,Done,1,0,
Events\Training\Professional-Tailored-Scrum.aspx,Done,1,0,
Events\Webinars\8-Month-Software-Development-Retrospective.aspx,Archived,2,0,
Events\Webinars\Building-SPA-with-MVC4.aspx,Archived,2,0,
Events\Webinars\DevSuperpowers-AngularJS-with-TypeScript.aspx,Archived,2,0,
Events\Webinars\DevSuperpowers-AngularJS.aspx,Archived,2,0,
Events\Webinars\DevSuperpowers-ASP-NET-MVC.aspx,Archived,2,0,
Events\Webinars\DevSuperpowers-ASP-NET-vNext.aspx,Archived,2,0,
Events\Webinars\DevSuperpowers-Azure.aspx,Archived,2,0,
Events\Webinars\DevSuperpowers-Bootstrap.aspx,Archived,2,0,
Events\Webinars\DevSuperpowers-iOS-and-Android.aspx,Archived,2,0,
Events\Webinars\DevSuperpowers-Project-Management-with-Visual-Studio-Online.aspx,Archived,2,0,
Events\Webinars\DevSuperpowers-SignalR.aspx,Archived,2,0,
Events\Webinars\DevSuperpowers-web-API.aspx,Archived,2,0,
Events\Webinars\DevSuperpowers-XamarinForms-MVVM.aspx,Archived,2,0,
Events\Webinars\Great-Intranets-James-Robertson.aspx,Archived,2,0,
Events\Webinars\Hiring-Software-Companies.aspx,Archived,2,0,
Events\Webinars\Lessons-Learned-Writing-Mobile-Sites.aspx,Archived,2,0,
Events\Webinars\Lightswitch.aspx,Archived,2,0,
Events\Webinars\Master-Scrum.aspx,Archived,2,0,
Events\Webinars\MVC-Apps.aspx,Archived,2,0,
Events\Webinars\MVC-Dont_use_Web_Forms_again.aspx,Archived,2,0,
Events\Webinars\MVC-Migrating-from-Web-Forms.aspx,Archived,2,0,
Events\Webinars\PhoneGap-for-Mobile-Developers.aspx,Archived,2,0,
Events\Webinars\Promotional-Videos-How-To.aspx,Archived,2,0,
Events\Webinars\SharePoint-Client-Side-Rendering.aspx,Archived,2,0,
Events\Webinars\SharePoint-for-Business.aspx,Archived,2,0,
Events\Webinars\SolidQ.aspx,Archived,2,0,
Events\Webinars\Speed-Up-SQL-Server.aspx,Archived,2,0,
Events\Webinars\Windows-Azure.aspx,Archived,2,0,
Events\Webinars\DevSuperpowers.aspx,Redirect,4,0,
Events\Workshops\Tech-Breakfast.aspx,Archived,2,0,
Events\Brian-Randell-Virtualization-for-Developers.aspx,Archived,2,0,
Events\ConferencePast.aspx,Archived,2,0,
Events\Event.aspx,Archived,2,0,
Events\HoloLens-experience.aspx,Archived,2,0,
Events\Juval-Lowy-Architect-Master-Class.aspx,Archived,2,0,
Events\SampleTrainingDay.aspx,Archived,2,0,
Events\SSWTechBreakfastPast.aspx,Archived,2,0,
Events\Steve-Forte-Agile-Seminar.aspx,Archived,2,0,
Events\Visual-Studio-2013-Rapid-SharePoint-Development.aspx,Archived,2,0,
Events\Chinafy-Experience.aspx,Redirect,4,0,
Events\Juval-Lowy-Architects-Clinic.aspx,Redirect,4,0,
Events\ADNUG.aspx,Done,1,0,
Events\BI-Bootcamp.aspx,Done,1,0,
Events\Brain-Quest-VisualStudio2010-TFS2010-Sharepoint2010.aspx,Done,1,0,
Events\Conference.aspx,Done,1,0,
Events\Default.aspx,Done,1,0,
Events\DevSuperpowers-In-Person.aspx,Done,1,0,
Events\Events.aspx,Done,1,0,
Events\Past.aspx,Done,1,0,
Events\Scrum-Training-Course-3-days.aspx,Done,1,0,
Events\Scrum-Training-Course.aspx,Done,1,0,
Events\SSWTechBreakfast.aspx,Done,1,0,
Events\UTSSharePoint.aspx,Done,1,0,
Events\UTSSQL.aspx,Done,1,0,
Events\VisualStudio2010_TFS2010_Sharepoint2010.aspx,Done,1,0,
ExchangeReporter\Reports\Default.aspx,Archived,2,0,
ExchangeReporter\Default.aspx,Archived,2,0,
ExchangeReporter\ReportSamples.aspx,Archived,2,0,
ExchangeReporter\UserGuide.aspx,Archived,2,0,
eXtremeEmails\Default.aspx,To-do,4,2,
eXtremeEmails\ExcelProductList\Default.aspx,To-do,4,2,
eXtremeEmails\ManageProjects.aspx,To-do,4,2,
eXtremeEmails\Reports\Default.aspx,To-do,4,2,
eXtremeEmails\userguide.aspx,To-do,4,2,
FolderBrowser.aspx,To-do,4,2,
HackDay\Default.aspx,To-do,4,2,
HealthAuditor\Default.aspx,Archived,2,0,
HealthAuditor\FxCopTutorial.aspx,Archived,2,0,
HealthAuditor\NUnitTutorial.aspx,Archived,2,0,
HealthAuditor\userguide.aspx,Archived,2,0,
Hosting\AliasForSQLServer.aspx,To-do,4,2,
Hosting\DatabaseEdit.aspx,To-do,4,2,
Hosting\Default.aspx,To-do,4,2,
Hosting\Details.aspx,To-do,4,2,
Hosting\hostingtermsconditions.aspx,Done,1,0,
LinkAuditor\Desktop\UserGuide.aspx,Archived,2,0,
LinkAuditor\Default.aspx,Archived,2,0,
LinkAuditor\HowtobeGoodLinkAuditorDailyBuildMaster.aspx,Archived,2,0,
LinkAuditor\UserGuide.aspx,Archived,2,0,
Live\Default.aspx,To-do,4,2,
Logo\AIHackDay\Default.aspx,To-do,4,2,
Logo\AngularHackDay\Default.aspx,To-do,4,2,
Logo\CodeAuditor\Default.aspx,To-do,4,2,
Logo\DataOnion\Default.aspx,To-do,4,2,
Logo\Default.aspx,To-do,4,2,
Logo\Dory\Default.aspx,To-do,4,2,
Logo\FireBootCamp\Default.aspx,To-do,4,2,
Logo\HealthCheck\Default.aspx,To-do,4,2,
Logo\LinkAuditor\Default.aspx,To-do,4,2,
Logo\MAUIHackDay\Default.aspx,To-do,4,2,
Logo\MAUIHackDay\images\Default.aspx,To-do,4,2,
Logo\NETUG\Default.aspx,To-do,4,2,
Logo\NETUG\NETUG-old\Default.aspx,To-do,4,2,
Logo\Past.aspx,To-do,4,2,
Logo\SmashingBarrier\Default.aspx,To-do,4,2,
Logo\SophieBot\Default.aspx,To-do,4,2,
Logo\SophieHub\Default.aspx,To-do,4,2,
Logo\SQLDeploy\Default.aspx,To-do,4,2,
Logo\SSRS\Default.aspx,To-do,4,2,
Logo\SSW\Default.aspx,To-do,4,2,
Logo\SSW-1994\Default.aspx,To-do,4,2,
Logo\SSW-TV\Default.aspx,To-do,4,2,
Logo\SSW-TV-2009\Default.aspx,To-do,4,2,
Logo\SSWRewards\Default.aspx,To-do,4,2,
Logo\SSWRules\Default.aspx,To-do,4,2,
Logo\SugarLearning\Default.aspx,To-do,4,2,
Logo\SugarLearning\Default_new.aspx,To-do,4,2,
Logo\TimePRO\Default.aspx,To-do,4,2,
Logo\TimePRO-old\Default.aspx,To-do,4,2,
Logo\XamarinHackDay\Default.aspx,To-do,4,2,
LookOut\Sample\Customer.aspx,Archived,2,0,
LookOut\Default.aspx,Archived,2,0,
LookOut\UserGuide.aspx,Archived,2,0,
MenuMap.aspx,To-do,4,2,
NETToolkit\01WinValidator.aspx,Archived,2,0,
NETToolkit\02WinSearch.aspx,Archived,2,0,
NETToolkit\03DataEntry.aspx,Archived,2,0,
NETToolkit\04ExceptionReporter.aspx,Archived,2,0,
NETToolkit\05WizardForms.aspx,Archived,2,0,
NETToolkit\06ConfigurationBlock.aspx,Archived,2,0,
NETToolkit\07VersionChecker.aspx,Archived,2,0,
NETToolkit\08ProgressbarsStatusforms.aspx,Archived,2,0,
NETToolkit\Default.aspx,Archived,2,0,
NETToolkit\UserGuide.aspx,Archived,2,0,
NETUG\Evaluation-Survey\Default.aspx,To-do,4,2,
NETUG\Hanselman-User-Group-Live.aspx,To-do,4,2,
NETUG\Hanselman-User-Group-Special.aspx,To-do,4,2,
NETUG\History.aspx,To-do,4,2,
NETUG\NewsletterFeedback.aspx,To-do,4,2,
NETUG\The-Agile-Olympics-with-Jesse-Houwing.aspx,To-do,4,2,
NETUG\Top-Sessions.aspx,To-do,4,2,
NETUG\UserGroupMapDirectionsCanberra.aspx,To-do,4,2,
NETUG\UserGroupMapDirectionsSydney.aspx,To-do,4,2,
NETUG\Brisbane.aspx,Done,1,0,
NETUG\Canberra.aspx,Done,1,0,
NETUG\Default.aspx,Done,1,0,
NETUG\DeveloperLinks.aspx,Done,1,0,
NETUG\EvaluationSurvey.aspx,Done,1,0,
NETUG\Melbourne.aspx,Done,1,0,
NETUG\PastSessions.aspx,Done,1,0,
NETUG\RecentSessions.aspx,Done,1,0,
NETUG\SSWUpdatePrevious.aspx,Done,1,0,
NETUG\Sydney.aspx,Done,1,0,
Newcastle\Default.aspx,Done,1,0,
News\Default.aspx,Done,1,0,
NewZealand\default.aspx,To-do,4,2,
PerformancePRO\Default.aspx,Archived,2,0,
PerformancePRO\UserGuide.aspx,Archived,2,0,
PowerSessions.aspx,To-do,4,2,
ProcessImprovementForSoftwareTeams.aspx,To-do,4,2,
Products\3rdPartySoftware.aspx,To-do,4,2,
Products\3rdPartySoftwarePriceIndicator.aspx,To-do,4,2,
Products\Awards.aspx,To-do,4,2,
Products\Default_bkp.aspx,To-do,4,2,
Products\GenerateRegistrationID.aspx,To-do,4,2,
Products\Ineta.aspx,To-do,4,2,
Products\livedemonstration.aspx,To-do,4,2,
Products\pwpmag.aspx,To-do,4,2,
Products\Source-Code-License-Agreement\Default.aspx,To-do,4,2,
Products\Tester.aspx,To-do,4,2,
Products\Default.aspx,Done,1,0,
PropertyAndEventPRO\Default.aspx,Archived,2,0,
PropertyAndEventPRO\userguide.aspx,Archived,2,0,
Redirect\downloadredirect.aspx,To-do,4,2,
Redirect\FileList.aspx,To-do,4,2,
Redirect\SSWDiagnostics.aspx,To-do,4,2,
Redirect\SSWUpdate\2005Nov\DatabaseDocsLinks.aspx,To-do,4,2,
Redirect\SSWUpdate\2005NovMini\DatabaseDocsLinks.aspx,To-do,4,2,
Redirect\SSWUpdate\2005Sep\DatabaseDocsLinks.aspx,To-do,4,2,
Registration\userguide.aspx,To-do,4,2,
Registration\default.aspx,Done,1,0,
Rewards\Default.aspx,Done,1,0,
Shop\AdapterTest.aspx,To-do,4,2,
Shop\CcvDetails.aspx,To-do,4,2,
Shop\CheckForCookies.aspx,To-do,4,2,
Shop\ClientDetailNew.aspx,To-do,4,2,
Shop\ClientDownloadHistory.aspx,To-do,4,2,
Shop\ClientInterests.aspx,To-do,4,2,
Shop\ClientInvoiceSummary.aspx,To-do,4,2,
Shop\ClientPasswordChange.aspx,To-do,4,2,
Shop\ClientRegisteredProductIndex.aspx,To-do,4,2,
Shop\ClientRegisteredProducts.aspx,To-do,4,2,
Shop\ClientRegisteredProductsByDate.aspx,To-do,4,2,
Shop\ClientRegisteredProductsByProduct.aspx,To-do,4,2,
Shop\ClientRemove.aspx,To-do,4,2,
Shop\CookiesDetection\cookiesdetection.aspx,To-do,4,2,
Shop\EnablingCookies.aspx,To-do,4,2,
Shop\encode.aspx,To-do,4,2,
Shop\LostPassword.aspx,To-do,4,2,
Shop\MessagePage.aspx,To-do,4,2,
Shop\sso.aspx,To-do,4,2,
Shop\Userguide\ShoppingProcessScreenShot.aspx,To-do,4,2,
Shop\Userguide\UserGuideFlash.aspx,To-do,4,2,
Shop\UserGuide.aspx,To-do,4,2,
Shop\UserGuideFlash.aspx,To-do,4,2,
Shop\default.aspx,Done,1,0,
Shop\EditDetail.aspx,Done,1,0,
SQLAuditor\Default.aspx,Archived,2,0,
SQLAuditor\SampleReport.aspx,Archived,2,0,
SQLAuditor\userguide.aspx,Archived,2,0,
SQLAuditor\UserguideWizards.aspx,Archived,2,0,
SQLAuditor\VoteResult.aspx,Redirect,4,0,
SQLDeploy\developerguide.aspx,Archived,2,0,
SQLDeploy\ExeMode.aspx,Archived,2,0,
SQLDeploy\ExistingDataBase.aspx,Archived,2,0,
SQLDeploy\IntegrationMode.aspx,Archived,2,0,
SQLDeploy\userguide.aspx,Archived,2,0,
SQLDeploy\Default.aspx,Done,1,0,
SQLReportingServicesAuditor\Default.aspx,Archived,2,0,
SQLReportingServicesAuditor\PostInstallation.aspx,Archived,2,0,
SQLReportingServicesAuditor\UserGuide.aspx,Archived,2,0,
SQLTotalCompare\Default.aspx,Archived,2,0,
SQLTotalCompare\userguide.aspx,Archived,2,0,
Standards\BetterSoftwareSuggestions\WaitingForSugggestionsToMoveToSharePoint\VSGallery.aspx,Archived,2,0,
Standards\BetterSoftwareSuggestions\activesync.aspx,Archived,2,0,
Standards\BetterSoftwareSuggestions\antispyware.aspx,Archived,2,0,
Standards\BetterSoftwareSuggestions\ASPNET.aspx,Archived,2,0,
Standards\BetterSoftwareSuggestions\Asterix.aspx,Archived,2,0,
Standards\BetterSoftwareSuggestions\Bing.aspx,Archived,2,0,
Standards\BetterSoftwareSuggestions\blinq.aspx,Archived,2,0,
Standards\BetterSoftwareSuggestions\Camtasia.aspx,Archived,2,0,
Standards\BetterSoftwareSuggestions\CRM.aspx,Archived,2,0,
Standards\BetterSoftwareSuggestions\dataanalyzer.aspx,Archived,2,0,
Standards\BetterSoftwareSuggestions\Default.aspx,Archived,2,0,
Standards\BetterSoftwareSuggestions\dnn.aspx,Archived,2,0,
Standards\BetterSoftwareSuggestions\DOTNET.aspx,Archived,2,0,
Standards\BetterSoftwareSuggestions\DotNetNuke.aspx,Archived,2,0,
Standards\BetterSoftwareSuggestions\DynamicData.aspx,Archived,2,0,
Standards\BetterSoftwareSuggestions\exchange.aspx,Archived,2,0,
Standards\BetterSoftwareSuggestions\Expression.aspx,Archived,2,0,
Standards\BetterSoftwareSuggestions\ExpressionBlend.aspx,Archived,2,0,
Standards\BetterSoftwareSuggestions\ExpressionSuite.aspx,Archived,2,0,
Standards\BetterSoftwareSuggestions\Facebook.aspx,Archived,2,0,
Standards\BetterSoftwareSuggestions\Foursquare.aspx,Archived,2,0,
Standards\BetterSoftwareSuggestions\google.aspx,Archived,2,0,
Standards\BetterSoftwareSuggestions\GoogleAnalytics.aspx,Archived,2,0,
Standards\BetterSoftwareSuggestions\Hohm.aspx,Archived,2,0,
Standards\BetterSoftwareSuggestions\HyperV.aspx,Archived,2,0,
Standards\BetterSoftwareSuggestions\iis.aspx,Archived,2,0,
Standards\BetterSoftwareSuggestions\Instyler.aspx,Archived,2,0,
Standards\BetterSoftwareSuggestions\isaserver.aspx,Archived,2,0,
Standards\BetterSoftwareSuggestions\LINQ.aspx,Archived,2,0,
Standards\BetterSoftwareSuggestions\LiveMeeting.aspx,Archived,2,0,
Standards\BetterSoftwareSuggestions\LiveWriter.aspx,Archived,2,0,
Standards\BetterSoftwareSuggestions\mediacenter.aspx,Archived,2,0,
Standards\BetterSoftwareSuggestions\MediaPlayer.aspx,Archived,2,0,
Standards\BetterSoftwareSuggestions\Microsoft_Project.aspx,Archived,2,0,
Standards\BetterSoftwareSuggestions\MSAjax.aspx,Archived,2,0,
Standards\BetterSoftwareSuggestions\MSDN.aspx,Archived,2,0,
Standards\BetterSoftwareSuggestions\MSForm.aspx,Archived,2,0,
Standards\BetterSoftwareSuggestions\MSNMessenger.aspx,Archived,2,0,
Standards\BetterSoftwareSuggestions\MSWebsite.aspx,Archived,2,0,
Standards\BetterSoftwareSuggestions\MYOB.aspx,Archived,2,0,
Standards\BetterSoftwareSuggestions\NetTiers.aspx,Archived,2,0,
Standards\BetterSoftwareSuggestions\PerformancePoint.aspx,Archived,2,0,
Standards\BetterSoftwareSuggestions\Plaxo.aspx,Archived,2,0,
Standards\BetterSoftwareSuggestions\Pluralsight.aspx,Archived,2,0,
Standards\BetterSoftwareSuggestions\Project.aspx,Archived,2,0,
Standards\BetterSoftwareSuggestions\ProjectServer.aspx,Archived,2,0,
Standards\BetterSoftwareSuggestions\Project_Server.aspx,Archived,2,0,
Standards\BetterSoftwareSuggestions\Project_Server_Integration.aspx,Archived,2,0,
Standards\BetterSoftwareSuggestions\Project_TFS.aspx,Archived,2,0,
Standards\BetterSoftwareSuggestions\QueryDesigner.aspx,Archived,2,0,
Standards\BetterSoftwareSuggestions\ReportingServiceReportBuilder.aspx,Archived,2,0,
Standards\BetterSoftwareSuggestions\ReportingServices.aspx,Archived,2,0,
Standards\BetterSoftwareSuggestions\RescueTime.aspx,Archived,2,0,
Standards\BetterSoftwareSuggestions\RulesToBetterXDA.aspx,Archived,2,0,
Standards\BetterSoftwareSuggestions\sharepoint.aspx,Archived,2,0,
Standards\BetterSoftwareSuggestions\Silverlight.aspx,Archived,2,0,
Standards\BetterSoftwareSuggestions\Skype.aspx,Archived,2,0,
Standards\BetterSoftwareSuggestions\SMH.aspx,Archived,2,0,
Standards\BetterSoftwareSuggestions\Snagit.aspx,Archived,2,0,
Standards\BetterSoftwareSuggestions\SourceSafe.aspx,Archived,2,0,
Standards\BetterSoftwareSuggestions\sqlserver.aspx,Archived,2,0,
Standards\BetterSoftwareSuggestions\SQLserverOLAP.aspx,Archived,2,0,
Standards\BetterSoftwareSuggestions\SugarSync.aspx,Archived,2,0,
Standards\BetterSoftwareSuggestions\TeamCompanion.aspx,Archived,2,0,
Standards\BetterSoftwareSuggestions\TeamFoundationServer.aspx,Archived,2,0,
Standards\BetterSoftwareSuggestions\TeamFoundationServer2010.aspx,Archived,2,0,
Standards\BetterSoftwareSuggestions\Telerik.aspx,Archived,2,0,
Standards\BetterSoftwareSuggestions\TelerikASPWeb.aspx,Archived,2,0,
Standards\BetterSoftwareSuggestions\TelerikSharePointAccelerationKit.aspx,Archived,2,0,
Standards\BetterSoftwareSuggestions\TelerikTests.aspx,Archived,2,0,
Standards\BetterSoftwareSuggestions\TelerikTestStudio.aspx,Archived,2,0,
Standards\BetterSoftwareSuggestions\TelerikWindowsForms.aspx,Archived,2,0,
Standards\BetterSoftwareSuggestions\terminalservices.aspx,Archived,2,0,
Standards\BetterSoftwareSuggestions\TFS-Azure.aspx,Archived,2,0,
Standards\BetterSoftwareSuggestions\TFSDebuggerCanvas.aspx,Archived,2,0,
Standards\BetterSoftwareSuggestions\TFSSidekicks.aspx,Archived,2,0,
Standards\BetterSoftwareSuggestions\TFS_TWA-Portal.aspx,Archived,2,0,
Standards\BetterSoftwareSuggestions\TFS_VSScrumProcess.aspx,Archived,2,0,
Standards\BetterSoftwareSuggestions\Tweetdeck.aspx,Archived,2,0,
Standards\BetterSoftwareSuggestions\vbuildpro.aspx,Archived,2,0,
Standards\BetterSoftwareSuggestions\VirtualEarth.aspx,Archived,2,0,
Standards\BetterSoftwareSuggestions\VirtualPC.aspx,Archived,2,0,
Standards\BetterSoftwareSuggestions\Vista.aspx,Archived,2,0,
Standards\BetterSoftwareSuggestions\VisualStudio.aspx,Archived,2,0,
Standards\BetterSoftwareSuggestions\VSBuildandDeploy.aspx,Archived,2,0,
Standards\BetterSoftwareSuggestions\VSTT.aspx,Archived,2,0,
Standards\BetterSoftwareSuggestions\WhatsApp.aspx,Archived,2,0,
Standards\BetterSoftwareSuggestions\windows.aspx,Archived,2,0,
Standards\BetterSoftwareSuggestions\windows2008r2.aspx,Archived,2,0,
Standards\BetterSoftwareSuggestions\windows7.aspx,Archived,2,0,
Standards\BetterSoftwareSuggestions\WindowsDesktopSearch.aspx,Archived,2,0,
Standards\BetterSoftwareSuggestions\WindowsMobile.aspx,Archived,2,0,
Standards\BetterSoftwareSuggestions\WindowsPhotoViewer.aspx,Archived,2,0,
Standards\BetterSoftwareSuggestions\Wise.aspx,Archived,2,0,
Standards\BetterSoftwareSuggestions\WPF.aspx,Archived,2,0,
Standards\BetterSoftwareSuggestions\Apple.aspx,Redirect,4,0,
Standards\BetterSoftwareSuggestions\Internetexplorer.aspx,Redirect,4,0,
Standards\BetterSoftwareSuggestions\Iphone.aspx,Redirect,4,0,
Standards\BetterSoftwareSuggestions\MSAccess.aspx,Redirect,4,0,
Standards\BetterSoftwareSuggestions\Office.aspx,Redirect,4,0,
Standards\BetterSoftwareSuggestions\outlook.aspx,Redirect,4,0,
Standards\BetterSoftwareSuggestions\outlookexpress.aspx,Redirect,4,0,
Standards\BetterSoftwareSuggestions\Scrum.aspx,Redirect,4,0,
Standards\BetterSoftwareSuggestions\sharepointteamservices.aspx,Done,1,0,
Standards\Courseware\AccessToNETRoadshow2004\Session_1a_-_MakingAPlan\Default.aspx,Done,1,0,
Standards\Courseware\AccessToNETRoadshow2004\Session_1b_-_ExtremeProgrammingForNETDevelopers\Default.aspx,Done,1,0,
Standards\Courseware\AccessToNETRoadshow2004\Session_1c_-_Access97to2003\Default.aspx,Done,1,0,
Standards\Courseware\AccessToNETRoadshow2004\Session_2_-_AccessToSQL_(Upsizing)\Default.aspx,Done,1,0,
Standards\Courseware\AccessToNETRoadshow2004\Session_3_-_AccessToReportingServices\Default.aspx,Done,1,0,
Standards\Courseware\AccessToNETRoadshow2004\Session_4_-_AccessToNET\Default.aspx,Done,1,0,
Standards\CRM\CRM4_HowToSendACrmNewsletter.aspx,Redirect,4,0,
Standards\CRM\RulestoBetterCRMMailMergeTemplate.aspx,Redirect,4,0,
Standards\DeveloperAccess\AccessShortcutKeys.aspx,Archived,2,0,
Standards\DeveloperAccess\attachmentmanageroverview.aspx,Archived,2,0,
Standards\DeveloperAccess\howtodomailmergeinwordusingaccessdata.aspx,Archived,2,0,
Standards\DeveloperAccess\howtoimproveaccessperformance.aspx,Archived,2,0,
Standards\DeveloperAccess\WhatToDoAfterCrash.aspx,Archived,2,0,
Standards\DeveloperAccess\whydatarenovator.aspx,Archived,2,0,
Standards\DeveloperAccess\Default.aspx,Done,1,0,
Standards\DeveloperDotNet\Resources\Northwind\Default.aspx,Done,1,0,
Standards\DeveloperDotNet\Resources\Default.aspx,Done,1,0,
Standards\DeveloperDotNet\DotNetStandard_ObjectNaming.aspx,Archived,2,0,
Standards\DeveloperDotNet\DotNetStandard_ProjectNaming.aspx,Archived,2,0,
Standards\DeveloperDotNet\EditXMLPage.aspx,Archived,2,0,
Standards\DeveloperDotNet\GuidelinesForReporting.aspx,Archived,2,0,
Standards\DeveloperDotNet\GuidelinesForReportingRichClient.aspx,Archived,2,0,
Standards\DeveloperDotNet\GuidelinesForReportingWebClient.aspx,Archived,2,0,
Standards\DeveloperDotNet\InteropInDotNetAndHowToAvoidDLLHell.aspx,Archived,2,0,
Standards\DeveloperDotNet\SSWNorthwindArchitectureSupportingWebServices.aspx,Archived,2,0,
Standards\DeveloperDotNet\UsingTFSToEditWebsite.aspx,Archived,2,0,
Standards\DeveloperDotNet\Default.aspx,Done,1,0,
Standards\DeveloperDotNet\HowToMigrate.aspx,Done,1,0,
Standards\DeveloperGeneral\AccessTools.aspx,Archived,2,0,
Standards\DeveloperGeneral\CreatingScheduledJobsOnAServer.aspx,Archived,2,0,
Standards\DeveloperGeneral\ExchangeServer.aspx,Archived,2,0,
Standards\DeveloperGeneral\internetexplorertools.aspx,Archived,2,0,
Standards\DeveloperGeneral\LaptopTools.aspx,Archived,2,0,
Standards\DeveloperGeneral\netTools.aspx,Archived,2,0,
Standards\DeveloperGeneral\networktools.aspx,Archived,2,0,
Standards\DeveloperGeneral\outlooktools.aspx,Archived,2,0,
Standards\DeveloperGeneral\pocketpctools.aspx,Archived,2,0,
Standards\DeveloperGeneral\SilverlightTools.aspx,Archived,2,0,
Standards\DeveloperGeneral\SQLservertools.aspx,Archived,2,0,
Standards\DeveloperGeneral\SuburbCombo.aspx,Archived,2,0,
Standards\DeveloperGeneral\TeamFoundationServerPowerTools.aspx,Archived,2,0,
Standards\DeveloperGeneral\TFS.aspx,Archived,2,0,
Standards\DeveloperGeneral\TFSTools.aspx,Archived,2,0,
Standards\DeveloperGeneral\TheBest3rdPartyTools.aspx,Archived,2,0,
Standards\DeveloperGeneral\TheBestWebsites.aspx,Archived,2,0,
Standards\DeveloperGeneral\VisualStudioTools.aspx,Archived,2,0,
Standards\DeveloperGeneral\webdevelopmenttools.aspx,Archived,2,0,
Standards\DeveloperGeneral\WebdevelopmentToolsASPNET.aspx,Archived,2,0,
Standards\DeveloperGeneral\Websites.aspx,Archived,2,0,
Standards\DeveloperGeneral\windowsdevelopmenttools.aspx,Archived,2,0,
Standards\DeveloperGeneral\WindowsMobile.aspx,Archived,2,0,
Standards\DeveloperGeneral\WindowsTools.aspx,Archived,2,0,
Standards\DeveloperGeneral\WinformControls.aspx,Archived,2,0,
Standards\DeveloperGeneral\Default.aspx,Done,1,0,
Standards\DeveloperGeneral\Favourite3rdPartyTools.aspx,Done,1,0,
Standards\DeveloperInternet\216color.aspx,Archived,2,0,
Standards\DeveloperInternet\howtofixbrokenlinks.aspx,Archived,2,0,
Standards\DeveloperInternet\HowToFTPWithIExplorer.aspx,Archived,2,0,
Standards\DeveloperInternet\HowToFTPWithIExplorerpassword.aspx,Archived,2,0,
Standards\DeveloperInternet\StandardWebColours.aspx,Archived,2,0,
Standards\DeveloperInternet\Default.aspx,Done,1,0,
Standards\DeveloperSharePoint\VMDevelopment.aspx,Archived,2,0,
Standards\DeveloperSQLReportingServices\SQLServerReportingService_1_ReportsNaming.aspx,Archived,2,0,
Standards\DeveloperSQLReportingServices\Default.aspx,Done,1,0,
Standards\DeveloperSQLServer\Resources\NorthwindMDB\Default.aspx,Done,1,0,
Standards\DeveloperSQLServer\creatingasqlserverprofilertrace.aspx,Archived,2,0,
Standards\DeveloperSQLServer\dataschemastandard.aspx,Archived,2,0,
Standards\DeveloperSQLServer\setupsqlserverserviceforreplication.aspx,Archived,2,0,
Standards\DeveloperSQLServer\SQLServerStandard_3_StoredProcedureFormatting.aspx,Archived,2,0,
Standards\DeveloperSQLServer\SQLServerStandard_6_DatabaseDesignStandards.aspx,Archived,2,0,
Standards\DeveloperSQLServer\SSWStandardForUpsizing.aspx,Archived,2,0,
Standards\DeveloperSQLServer\SQLServerStandard_1_ObjectNaming.aspx,Redirect,4,0,
Standards\DeveloperSQLServer\SQLServerStandard_2_StoredProcedureNaming.aspx,Redirect,4,0,
Standards\DeveloperSQLServer\SQLServerStandard_4_IndexesNaming.aspx,Redirect,4,0,
Standards\DeveloperSQLServer\SQLServerStandard_5_RelationshipNaming.aspx,Redirect,4,0,
Standards\DeveloperSQLServer\Default.aspx,Done,1,0,
Standards\DeveloperXSL\Default.aspx,Done,1,0,
Standards\Forms\ConsultingOrderTermsConditions.aspx,Done,1,0,
Standards\Forms\Default.aspx,Done,1,0,
Standards\Forms\SourceCodeLicenseAgreement.aspx,Done,1,0,
Standards\Rules\DeveloperSQLReportingServices\SQLServerReportingService_1_ReportsNaming.aspx,Archived,2,0,
Standards\Rules\DeveloperSQLReportingServices\Default.aspx,Done,1,0,
Standards\Rules\CreatingATimeDimensionIn10EasySteps.aspx,Archived,2,0,
Standards\Rules\dataschemastandard.aspx,Archived,2,0,
Standards\Rules\GoodThingsBadThings.aspx,Archived,2,0,
Standards\Rules\MakingOLAPReports.aspx,Archived,2,0,
Standards\Rules\RulesToBetterAccessApplications.aspx,Archived,2,0,
Standards\Rules\RulesToBetterASPDotNet.aspx,Archived,2,0,
Standards\Rules\RulesToBetterBusinessIntelligence.aspx,Archived,2,0,
Standards\Rules\RulesToBetterBusinessIntelligenceResourceSetup.aspx,Archived,2,0,
Standards\Rules\RulestoBetterCommandLines.aspx,Archived,2,0,
Standards\Rules\RulesToBetterConnectionStrings.aspx,Archived,2,0,
Standards\Rules\RulesToBetterCRM3To4Migration.aspx,Archived,2,0,
Standards\Rules\RulestoBetterDotNetNuke.aspx,Archived,2,0,
Standards\Rules\RulesToBetterExchangeServer.aspx,Archived,2,0,
Standards\Rules\RulesToBetterISAServer.aspx,Archived,2,0,
Standards\Rules\RulesToBetterLargeDotNetProjects.aspx,Archived,2,0,
Standards\Rules\RulesToBetterMicrosoftCRMDataSynchronization.aspx,Archived,2,0,
Standards\Rules\RulesToBetterOLAPClients.aspx,Archived,2,0,
Standards\Rules\RulesToBetterProjectManagementWithTFS.aspx,Archived,2,0,
Standards\Rules\RulesToBetterProjectManagerMethodology.aspx,Archived,2,0,
Standards\Rules\RulesToBetterRegularExpressions.aspx,Archived,2,0,
Standards\Rules\RulesToBetterReportingSolutions.aspx,Archived,2,0,
Standards\Rules\RulesToBetterSetups.aspx,Archived,2,0,
Standards\Rules\RulesToBetterSQLReportingServices.aspx,Archived,2,0,
Standards\Rules\RulesToBetterSSWProducts.aspx,Archived,2,0,
Standards\Rules\RulestoBetterVB6MigrationtoDotNET.aspx,Archived,2,0,
Standards\Rules\RulesToBetterVirtualPCs.aspx,Archived,2,0,
Standards\Rules\RulesToBetterVistaCompatibilities.aspx,Archived,2,0,
Standards\Rules\RulesToBetterWebsitesOnlineTransactions.aspx,Archived,2,0,
Standards\Rules\RulesToBetterWindows2003.aspx,Archived,2,0,
Standards\Rules\RulesToBetterWindows7Deployment.aspx,Archived,2,0,
Standards\Rules\RulesToBetterWindows8Deployment.aspx,Archived,2,0,
Standards\Rules\RulesToBetterWindowsForms.aspx,Archived,2,0,
Standards\Rules\RulesToBetterWindowsFormsClickOnce.aspx,Archived,2,0,
Standards\Rules\RulestoBetterWindowsVistaDeployment.aspx,Archived,2,0,
Standards\Rules\RulesToUpsizingAccess.aspx,Archived,2,0,
Standards\Rules\Training.aspx,Archived,2,0,
Standards\Rules\UsingGoogleCalendar.aspx,Archived,2,0,
Standards\Rules\RulesToBeingSoftwareConsultantsDealingWithClients.aspx,Redirect,4,0,
Standards\Rules\RulesToBeingSoftwareConsultantsWorkingInATeam.aspx,Redirect,4,0,
Standards\Rules\RulestoBetterAccessDatabases.aspx,Redirect,4,0,
Standards\Rules\RulesToBetterAccessUI.aspx,Redirect,4,0,
Standards\Rules\RulestoBetterAccounting.aspx,Redirect,4,0,
Standards\Rules\RulestoBetterBlogs.aspx,Redirect,4,0,
Standards\Rules\RulesToBetterCars.aspx,Redirect,4,0,
Standards\Rules\RulestoBetterCode.aspx,Redirect,4,0,
Standards\Rules\RulesToBetterDotNetProjects.aspx,Redirect,4,0,
Standards\Rules\RulesToBetterEmail.aspx,Redirect,4,0,
Standards\Rules\RulesToBetterErrorHandling.aspx,Redirect,4,0,
Standards\Rules\RulesToBetterFirefox.aspx,Redirect,4,0,
Standards\Rules\RulesToBetterGoogleRankings.aspx,Redirect,4,0,
Standards\Rules\RulesToBetterInboundCalls.aspx,Redirect,4,0,
Standards\Rules\RulestoBetterInstantMessenger.aspx,Redirect,4,0,
Standards\Rules\RulesToBetterInterfaces-Controls.aspx,Redirect,4,0,
Standards\Rules\RulesToBetterInterfaces-Forms.aspx,Redirect,4,0,
Standards\Rules\RulesToBetterInterfaces-General.aspx,Redirect,4,0,
Standards\Rules\RulesToBetterInterfaces-Mobile.aspx,Redirect,4,0,
Standards\Rules\RulesToBetterInterfaces-Popups-and-Messages.aspx,Redirect,4,0,
Standards\Rules\RulesToBetterInterfaces-Reports.aspx,Redirect,4,0,
Standards\Rules\RulesToBetterInterfaces-WinApp.aspx,Redirect,4,0,
Standards\Rules\RulesToBetterInterfaces-Windows-Applications.aspx,Redirect,4,0,
Standards\Rules\RulesToBetterInterfaces-Wizard.aspx,Redirect,4,0,
Standards\Rules\RulesToBetterInterfaces.aspx,Redirect,4,0,
Standards\Rules\RulesToBetterLINQ.aspx,Redirect,4,0,
Standards\Rules\RulesToBetterMarketing.aspx,Redirect,4,0,
Standards\Rules\RulestoBetterMicrosoftCRM.aspx,Redirect,4,0,
Standards\Rules\RulesToBetterNetworks.aspx,Redirect,4,0,
Standards\Rules\RulesToBetterOutboundCalls.aspx,Redirect,4,0,
Standards\Rules\RulesToBetterOutsourcing.aspx,Redirect,4,0,
Standards\Rules\RulesToBetterPA.aspx,Redirect,4,0,
Standards\Rules\RulesToBetterPowerpointPresentations.aspx,Redirect,4,0,
Standards\Rules\RulestoBetterProjectManagement.aspx,Redirect,4,0,
Standards\Rules\RulestoBetterProposals.aspx,Redirect,4,0,
Standards\Rules\RulesToBetterSharePoint.aspx,Redirect,4,0,
Standards\Rules\RulesToBetterSitefinity.aspx,Redirect,4,0,
Standards\Rules\RulesToBetterSourceControl.aspx,Redirect,4,0,
Standards\Rules\RulesToBetterSourceControlWithTFS.aspx,Redirect,4,0,
Standards\Rules\RulesToBetterSQLServerDatabases.aspx,Redirect,4,0,
Standards\Rules\RulesToBetterTechnicalDocumentation.aspx,Redirect,4,0,
Standards\Rules\RulesToBetterTimesheets.aspx,Redirect,4,0,
Standards\Rules\RulesToBetterUnitTests.aspx,Redirect,4,0,
Standards\Rules\RulesToBetterWebsitesAdministration.aspx,Redirect,4,0,
Standards\Rules\RulesToBetterWebsitesDevelopment.aspx,Redirect,4,0,
Standards\Rules\RulesToBetterWebsitesLayout.aspx,Redirect,4,0,
Standards\Rules\RulesToBetterWebsitesMarketing.aspx,Redirect,4,0,
Standards\Rules\RulesToBetterWebsitesNavigation.aspx,Redirect,4,0,
Standards\Rules\RulesToBetterWebsitesTuningAndMaintenance.aspx,Redirect,4,0,
Standards\Rules\RulesToBetterWPFSilverlight.aspx,Redirect,4,0,
Standards\Rules\RulesToBookingBetterFlights.aspx,Redirect,4,0,
Standards\Rules\RulestoHappyClients.aspx,Redirect,4,0,
Standards\Rules\RulestoManagingSoftwareConsultants.aspx,Redirect,4,0,
Standards\Rules\RulestoSuccessfulProjectManagement.aspx,Redirect,4,0,
Standards\Rules\RulestoSuccessfulProjects.aspx,Redirect,4,0,
Standards\Rules\RulestoSuccessfulSalesAccountManagement.aspx,Redirect,4,0,
Standards\Rules\Default.aspx,Done,1,0,
Standards\Rules\RulesToBetterBranding.aspx,Done,1,0,
Standards\Rules\RulesToBetterDevelopers.aspx,Done,1,0,
Standards\Rules\RulesToBetterInterfaces-Data.aspx,Done,1,0,
Standards\Rules\RulesToBetterTeamMembers.aspx,Done,1,0,
Standards\Rules\RulestoBetterTeams.aspx,Done,1,0,
Standards\Rules\RulesToBetterWebsitesContent.aspx,Done,1,0,
Standards\Rules\RulesToBetterWebsitesGraphics.aspx,Done,1,0,
Standards\SSWLogo\Default.aspx,Archived,2,0,
Standards\Support\BugReportOrEnhancement.aspx,Archived,2,0,
Standards\Support\RemoteSupportSampleScript.aspx,Archived,2,0,
Standards\Support\RemoteSupportViaCopilot.aspx,Archived,2,0,
Standards\Support\RemoteSupportViaNetMeeting.aspx,Archived,2,0,
Standards\Support\RemoteSupportViaTeamViewer.aspx,Archived,2,0,
Standards\Support\RemoteSupportViaUltraVNC.aspx,Archived,2,0,
Standards\Support\Default.aspx,Done,1,0,
Standards\Support\RemoteSupportViaMSN.aspx,Done,1,0,
Standards\Templates\SSWGoogleReportTemplate.aspx,Archived,2,0,
Standards\Templates\Default.aspx,Done,1,0,
Standards\Templates\SSWWebTemplate.aspx,Done,1,0,
Standards\WiseSetup\ReleasingAVersion.aspx,Archived,2,0,
Standards\WiseSetup\UserGuide.aspx,Archived,2,0,
Standards\WiseSetup\WiseStandards.aspx,Archived,2,0,
Standards\WiseSetup\Default.aspx,Done,1,0,
Standards\AdventureWorksSamples.aspx,Archived,2,0,
Standards\Default.aspx,Archived,2,0,
Standards\Training.aspx,Archived,2,0,
StandardsInternal\ComputerSetup\SettingUpVPN.aspx,To-do,4,2,
StandardsInternal\ComputerSetup\SSWCRMInstruction.aspx,To-do,4,2,
StandardsInternal\ComputerSetup\SSWCRMUpAndRunning_CRM2011.aspx,To-do,4,2,
StandardsInternal\ComputerSetup\SSWCRMUpAndRunning_CRM4.aspx,To-do,4,2,
StandardsInternal\ComputerSetup\Windows7DeploymentChangeLog.aspx,To-do,4,2,
StandardsInternal\ComputerSetup\Default.aspx,Done,1,0,
StandardsInternal\DeveloperGeneral\CleaningYourMailbox.aspx,To-do,4,2,
StandardsInternal\DeveloperGeneral\HowToCheckLinkAuditorReports.aspx,To-do,4,2,
StandardsInternal\DeveloperGeneral\HowToCleanErrorLogs.aspx,To-do,4,2,
StandardsInternal\DeveloperGeneral\HowToConductTraining.aspx,To-do,4,2,
StandardsInternal\DeveloperGeneral\HowToConductUTSTraining.aspx,To-do,4,2,
StandardsInternal\DeveloperGeneral\HowUnrecognizedVersionsWork.aspx,To-do,4,2,
StandardsInternal\DeveloperGeneral\HTTPS-guide.aspx,To-do,4,2,
StandardsInternal\DeveloperGeneral\ProductManagers.aspx,To-do,4,2,
StandardsInternal\DeveloperGeneral\UpgradeToVS2005AndTFS.aspx,To-do,4,2,
StandardsInternal\DeveloperGeneral\UsingFTPSync.aspx,To-do,4,2,
StandardsInternal\DeveloperGeneral\WebMaster_HowToCleanAndResolveErrorLogs.aspx,To-do,4,2,
StandardsInternal\DeveloperGeneral\Default.aspx,Done,1,0,
StandardsInternal\DeveloperNetworkPhone\PhoneSystemSetup.aspx,To-do,4,2,
StandardsInternal\DeveloperNetworkPhone\PhoneSystemUsage.aspx,To-do,4,2,
StandardsInternal\DeveloperProductsHosting\Browse_Plesk_Instructions.aspx,To-do,4,2,
StandardsInternal\DeveloperProductsHosting\DNS\default.aspx,Done,1,0,
StandardsInternal\DeveloperProductsHosting\dotNET_Hosting_Setup.aspx,To-do,4,2,
StandardsInternal\DeveloperProductsHosting\Images\default.aspx,To-do,4,2,
StandardsInternal\DeveloperProductsHosting\default.aspx,Done,1,0,
StandardsInternal\DeveloperSQLServer\HOWTOChangeSSWData2000.aspx,To-do,4,2,
StandardsInternal\DeveloperSQLServer\HOWTOSetupConcurrencyForTheWebSite.aspx,To-do,4,2,
StandardsInternal\DeveloperSQLServer\Default.aspx,Done,1,0,
StandardsInternal\DeveloperVB\Default.aspx,Done,1,0,
StandardsInternal\Employment\accountsassessment.aspx,To-do,4,2,
StandardsInternal\Employment\employmenttest.aspx,To-do,4,2,
StandardsInternal\Employment\SharepointExpertQuestions.aspx,To-do,4,2,
StandardsInternal\Employment\Work_experience_screening_standard.aspx,To-do,4,2,
StandardsInternal\Employment\Default.aspx,Done,1,0,
StandardsInternal\GeneralAdministration\AlarmSystem.aspx,To-do,4,2,
StandardsInternal\Images\IconExperienceCollection\Default.aspx,To-do,4,2,
StandardsInternal\InductionTraining\Default.aspx,To-do,4,2,
StandardsInternal\Marketing\CompanyProfile\default.aspx,Done,1,0,
StandardsInternal\Meetings\MeetingsScheduleAgendas.aspx,To-do,4,2,
StandardsInternal\PrintPage.aspx,To-do,4,2,
StandardsInternal\Registration\Default.aspx,To-do,4,2,
StandardsInternal\Registration\NewRegistrationCreditCard\NewlDownloadProductBeforePurchasePage.aspx,To-do,4,2,
StandardsInternal\Registration\NewRegistrationCreditCard\NewlProductDownloadPage.aspx,To-do,4,2,
StandardsInternal\Registration\NewRegistrationCreditCard\NewPromotionalProductDownloadPage.aspx,To-do,4,2,
StandardsInternal\Registration\NewRegistrationCreditCard\NewTrialProductDownloadPage.aspx,To-do,4,2,
StandardsInternal\Registration\NewRegistrationCreditCard\NewWebRegistrationPage.aspx,To-do,4,2,
StandardsInternal\Registration\ProjectPlan.aspx,To-do,4,2,
StandardsInternal\Registration\RegistrationForDevelopers.aspx,To-do,4,2,
StandardsInternal\VisualBuildProSetup\Default.aspx,To-do,4,2,
StandardsInternal\Default.aspx,Done,1,0,
StandardsInternal\WhereToGoToday.aspx,Done,1,0,
StandardsInternal\_EmployeeTestArea\AdamCogan\SSWWeb.aspx,To-do,4,2,
StandardsInternal\_EmployeeTestArea\AdelHelal\filename.aspx,To-do,4,2,
StandardsInternal\_EmployeeTestArea\AllanZhou\AboutMe.aspx,To-do,4,2,
StandardsInternal\_EmployeeTestArea\AlvinShen\AboutMe.aspx,To-do,4,2,
StandardsInternal\_EmployeeTestArea\AndrewWeaver2\AboutMe.aspx,To-do,4,2,
StandardsInternal\_EmployeeTestArea\AndyTaslim\AboutMe.aspx,To-do,4,2,
StandardsInternal\_EmployeeTestArea\AnneRong\AboutMe.aspx,To-do,4,2,
StandardsInternal\_EmployeeTestArea\AshrafMoollan\about.aspx,To-do,4,2,
StandardsInternal\_EmployeeTestArea\BaoNguyen\aboutme.aspx,To-do,4,2,
StandardsInternal\_EmployeeTestArea\BhanujitPaul\AboutMe.aspx,To-do,4,2,
StandardsInternal\_EmployeeTestArea\BillChen\AboutMe.aspx,To-do,4,2,
StandardsInternal\_EmployeeTestArea\brettanderson\aboutbrett.aspx,To-do,4,2,
StandardsInternal\_EmployeeTestArea\BriteCheng\AboutMe.aspx,To-do,4,2,
StandardsInternal\_EmployeeTestArea\BryanChelliah\AboutMe.aspx,To-do,4,2,
StandardsInternal\_EmployeeTestArea\CameronTownshend\AboutMe.aspx,To-do,4,2,
StandardsInternal\_EmployeeTestArea\CamiloZuluaga\AboutMeCZ.aspx,To-do,4,2,
StandardsInternal\_EmployeeTestArea\ChennekeZhang\AboutMe.aspx,To-do,4,2,
StandardsInternal\_EmployeeTestArea\Chirag Modi\AboutMe.aspx,To-do,4,2,
StandardsInternal\_EmployeeTestArea\ChristopherClarke\AboutMe.aspx,To-do,4,2,
StandardsInternal\_EmployeeTestArea\CindyWang\aboutme.aspx,To-do,4,2,
StandardsInternal\_EmployeeTestArea\ClarenceDang\aboutme.aspx,To-do,4,2,
StandardsInternal\_EmployeeTestArea\DanielRussell\AboutMe.aspx,To-do,4,2,
StandardsInternal\_EmployeeTestArea\DanielRussell\aboutme2.aspx,To-do,4,2,
StandardsInternal\_EmployeeTestArea\DanielRussell\AboutMe3.aspx,To-do,4,2,
StandardsInternal\_EmployeeTestArea\DavidWatts\AboutMe.aspx,To-do,4,2,
StandardsInternal\_EmployeeTestArea\DipanSaha\AboutMe.aspx,To-do,4,2,
StandardsInternal\_EmployeeTestArea\DoniDoni\AboutMe.aspx,To-do,4,2,
StandardsInternal\_EmployeeTestArea\DrewRobson\AboutMe.aspx,To-do,4,2,
StandardsInternal\_EmployeeTestArea\DrewWalker\filename.aspx,To-do,4,2,
StandardsInternal\_EmployeeTestArea\EdBrown\AboutMe.aspx,To-do,4,2,
StandardsInternal\_EmployeeTestArea\EdisonChen\AboutMe.aspx,To-do,4,2,
StandardsInternal\_EmployeeTestArea\EricFang\AboutMe.aspx,To-do,4,2,
StandardsInternal\_EmployeeTestArea\EricPhan\AboutMe.aspx,To-do,4,2,
StandardsInternal\_EmployeeTestArea\EvanLin\AboutMe.aspx,To-do,4,2,
StandardsInternal\_EmployeeTestArea\FelixZhang\AboutMe.aspx,To-do,4,2,
StandardsInternal\_EmployeeTestArea\FrancisJijo\AboutMe.aspx,To-do,4,2,
StandardsInternal\_EmployeeTestArea\Frand Jajo\AboutMe.aspx,To-do,4,2,
StandardsInternal\_EmployeeTestArea\GaryLam\AboutMe.aspx,To-do,4,2,
StandardsInternal\_EmployeeTestArea\GaryLiu\AboutMe.aspx,To-do,4,2,
StandardsInternal\_EmployeeTestArea\GayathriJaya\AboutMe.aspx,To-do,4,2,
StandardsInternal\_EmployeeTestArea\GeoffOrr\AboutMe.aspx,To-do,4,2,
StandardsInternal\_EmployeeTestArea\GerardBeckerleg\AboutMe.aspx,To-do,4,2,
StandardsInternal\_EmployeeTestArea\GlennOsullivan\AboutMe.aspx,To-do,4,2,
StandardsInternal\_EmployeeTestArea\GordonHartley\AboutMe.aspx,To-do,4,2,
StandardsInternal\_EmployeeTestArea\GraciaDaniel\AboutMe.aspx,To-do,4,2,
StandardsInternal\_EmployeeTestArea\GregMcCarthy\AboutMe.aspx,To-do,4,2,
StandardsInternal\_EmployeeTestArea\HelenMoore\AboutMe.aspx,To-do,4,2,
StandardsInternal\_EmployeeTestArea\IanBennett\aboutme.aspx,To-do,4,2,
StandardsInternal\_EmployeeTestArea\Jack Lin\AboutMe.aspx,To-do,4,2,
StandardsInternal\_EmployeeTestArea\JamesZhang\AboutMe.aspx,To-do,4,2,
StandardsInternal\_EmployeeTestArea\JatinValabjee\profile.aspx,To-do,4,2,
StandardsInternal\_EmployeeTestArea\JayWang\About Me.aspx,To-do,4,2,
StandardsInternal\_EmployeeTestArea\JeffLI\AboutMe.aspx,To-do,4,2,
StandardsInternal\_EmployeeTestArea\JoeBoedijono\aboutme.aspx,To-do,4,2,
StandardsInternal\_EmployeeTestArea\JoeTang\aboutme.aspx,To-do,4,2,
StandardsInternal\_EmployeeTestArea\JohnLiu\AboutMe.aspx,To-do,4,2,
StandardsInternal\_EmployeeTestArea\JonnyTrees\AboutMe.aspx,To-do,4,2,
StandardsInternal\_EmployeeTestArea\JosephRoperti\About Me.aspx,To-do,4,2,
StandardsInternal\_EmployeeTestArea\JudahCaplan\AboutMe.aspx,To-do,4,2,
StandardsInternal\_EmployeeTestArea\JulianBueno\AboutMe.aspx,To-do,4,2,
StandardsInternal\_EmployeeTestArea\LeiXu2\AboutMe.aspx,To-do,4,2,
StandardsInternal\_EmployeeTestArea\LeiXu2\LeiXuInductionWebStandardsTest.aspx,To-do,4,2,
StandardsInternal\_EmployeeTestArea\LukeChou\AboutMe.aspx,To-do,4,2,
StandardsInternal\_EmployeeTestArea\ManishaPatel\AboutMe.aspx,To-do,4,2,
StandardsInternal\_EmployeeTestArea\MarkChen\AboutMe.aspx,To-do,4,2,
StandardsInternal\_EmployeeTestArea\MarlonMarescia\AboutMe.aspx,To-do,4,2,
StandardsInternal\_EmployeeTestArea\MartenAtaalla\MartenAtaalla.aspx,To-do,4,2,
StandardsInternal\_EmployeeTestArea\MartinChafei2\AboutMe.aspx,To-do,4,2,
StandardsInternal\_EmployeeTestArea\MarwanChamas\AboutMe.aspx,To-do,4,2,
StandardsInternal\_EmployeeTestArea\MashaGildina\AboutMe.aspx,To-do,4,2,
StandardsInternal\_EmployeeTestArea\MashaGildina\MashaGildina-AboutMe.aspx,To-do,4,2,
StandardsInternal\_EmployeeTestArea\MaxYao\AboutMe.aspx,To-do,4,2,
StandardsInternal\_EmployeeTestArea\MichaelMileos\AboutMe.aspx,To-do,4,2,
StandardsInternal\_EmployeeTestArea\MichaelSalameh\AboutMe.aspx,To-do,4,2,
StandardsInternal\_EmployeeTestArea\MichelleHunt\AboutMe.aspx,To-do,4,2,
StandardsInternal\_EmployeeTestArea\MohsinAli\AboutMe.aspx,To-do,4,2,
StandardsInternal\_EmployeeTestArea\MustafaGhulam\AboutMe.aspx,To-do,4,2,
StandardsInternal\_EmployeeTestArea\NasirAli\AboutMe.aspx,To-do,4,2,
StandardsInternal\_EmployeeTestArea\OliviaNgan\AboutMe.aspx,To-do,4,2,
StandardsInternal\_EmployeeTestArea\PaulStovell\AboutMe.aspx,To-do,4,2,
StandardsInternal\_EmployeeTestArea\PeterGfader\AboutMe.aspx,To-do,4,2,
StandardsInternal\_EmployeeTestArea\PhilipOlsen\AboutMe.aspx,To-do,4,2,
StandardsInternal\_EmployeeTestArea\RebeccaGardiner\AboutMe.aspx.aspx,To-do,4,2,
StandardsInternal\_EmployeeTestArea\RebeccaLiu\AboutMe.aspx,To-do,4,2,
StandardsInternal\_EmployeeTestArea\RonMaman\AboutMe.aspx,To-do,4,2,
StandardsInternal\_EmployeeTestArea\RonnieHaque\AboutMe.aspx,To-do,4,2,
StandardsInternal\_EmployeeTestArea\RyanTee\AboutMe.aspx,To-do,4,2,
StandardsInternal\_EmployeeTestArea\SamAkula\AboutMe.aspx,To-do,4,2,
StandardsInternal\_EmployeeTestArea\ScottFletcher\Aboutme.aspx,To-do,4,2,
StandardsInternal\_EmployeeTestArea\ScottMcPhillips\aboutme.aspx,To-do,4,2,
StandardsInternal\_EmployeeTestArea\SerenaChen\AboutMe.aspx,To-do,4,2,
StandardsInternal\_EmployeeTestArea\SergeyIshutin\AboutMe.aspx,To-do,4,2,
StandardsInternal\_EmployeeTestArea\SriGangichettu\AboutMe.aspx,To-do,4,2,
StandardsInternal\_EmployeeTestArea\StephenBennett\Stephen.aspx,To-do,4,2,
StandardsInternal\_EmployeeTestArea\SumeshGhimire\AboutMe.aspx,To-do,4,2,
StandardsInternal\_EmployeeTestArea\SunithaDesaraju\AboutMe.aspx,To-do,4,2,
StandardsInternal\_EmployeeTestArea\SusanHeins\AboutMe.aspx,To-do,4,2,
StandardsInternal\_EmployeeTestArea\SyedMehdi\AboutMe.aspx,To-do,4,2,
StandardsInternal\_EmployeeTestArea\TerrySu\AboutMe.aspx,To-do,4,2,
StandardsInternal\_EmployeeTestArea\TiagoAraujo\AboutMe.aspx,To-do,4,2,
StandardsInternal\_EmployeeTestArea\TimKremer\AboutMe.aspx,To-do,4,2,
StandardsInternal\_EmployeeTestArea\TimothyWalters\AboutMe.aspx,To-do,4,2,
StandardsInternal\_EmployeeTestArea\ToktamSepehri\AboutMe.aspx,To-do,4,2,
StandardsInternal\_EmployeeTestArea\TristanKurniawan\AboutMe.aspx,To-do,4,2,
StandardsInternal\_EmployeeTestArea\UlyssesMaclaren\AboutMe.aspx,To-do,4,2,
StandardsInternal\_EmployeeTestArea\VuHung\AboutMe.aspx,To-do,4,2,
StandardsInternal\_EmployeeTestArea\WebsiteAutoBuildTest\AboutMe.aspx,To-do,4,2,
StandardsInternal\_EmployeeTestArea\WilliamYin\AboutMe.aspx,To-do,4,2,
StandardsInternal\_EmployeeTestArea\WillyEkasalim\aboutme.aspx,To-do,4,2,
StandardsInternal\_EmployeeTestArea\WilsonWu\AboutMe.aspx,To-do,4,2,
StandardsInternal\_EmployeeTestArea\ZuneVien\AboutMe.aspx,To-do,4,2,
Support\PCAnywhere.aspx,To-do,4,2,
Support\Default.aspx,Done,1,0,
Support\Support.aspx,Done,1,0,
TeamCalendar\Default.aspx,Archived,2,0,
TeamCalendar\howtobooksomeoneformeeting.aspx,Archived,2,0,
TeamCalendar\userguide.aspx,Archived,2,0,
Testimonials\default.aspx,Done,1,0,
Testimonials\ViewAll.aspx,Done,1,0,
Testmockup\default.aspx,To-do,4,2,
ThankyouShare.aspx,To-do,4,2,
TimePRO\Default.aspx,Done,1,0,
TimePRONet\Default.aspx,Done,1,0,
TimePROSmartTags\Default.aspx,To-do,4,2,
TimePROSmartTags\UserGuide.aspx,To-do,4,2,
Training\AccesstoSQLServerandNET.aspx,Archived,2,0,
Training\ALM.aspx,Archived,2,0,
Training\ALMCustomization.aspx,Archived,2,0,
Training\BI-TheGlory.aspx,Archived,2,0,
Training\BI-TheGuts.aspx,Archived,2,0,
Training\BusinessIntelligenceForBusiness.aspx,Archived,2,0,
Training\Expression.aspx,Archived,2,0,
Training\ProcessImprovementForSoftwareTeams.aspx,Archived,2,0,
Training\ReportingServices.aspx,Archived,2,0,
Training\Sessions-Past.aspx,Archived,2,0,
Training\SharePoint.aspx,Archived,2,0,
Training\SharePointUTS.aspx,Archived,2,0,
Training\SQLBI.aspx,Archived,2,0,
Training\SQLServer.aspx,Archived,2,0,
Training\SQLServerBI.aspx,Archived,2,0,
Training\VisualStudio.aspx,Archived,2,0,
Training\BI.aspx,Done,1,0,
Training\BI2010.aspx,Done,1,0,
Training\Courses.aspx,Done,1,0,
Training\Default.aspx,Done,1,0,
Training\PowerSessions.aspx,Done,1,0,
Training\Schedule.aspx,Done,1,0,
Training\Sessions.aspx,Done,1,0,
Training\SharePointForBusiness.aspx,Done,1,0,
Training\Top-8-ways-to-speed-up-SQL-Server.aspx,Done,1,0,
Training\Training.aspx,Done,1,0,
Training\UpcomingTrainingAndEvents.aspx,Done,1,0,
Training\VSTS.aspx,Done,1,0,
Training\VSTSCustomization.aspx,Done,1,0,
Training\Windows-Azure-Webinar.aspx,Done,1,0,
UpsizingPRO\Default.aspx,Archived,2,0,
UpsizingPRO\dtsproblem.aspx,Archived,2,0,
UpsizingPRO\jan02sqlserverprofessional.aspx,Archived,2,0,
UpsizingPRO\Resources.aspx,Archived,2,0,
UpsizingPRO\SQL_Server_Migration_Assistant_Wizard_for_Access.aspx,Archived,2,0,
UpsizingPRO\talesfromthebattlefield.aspx,Archived,2,0,
UpsizingPRO\upsizingdatatypemapping.aspx,Archived,2,0,
UpsizingPRO\UserGuide.aspx,Archived,2,0,
UpsizingPRO\workafter.aspx,Archived,2,0,
UpsizingPRO\workbefore.aspx,Archived,2,0,
Version.aspx,To-do,4,2,
Video\Default.aspx,To-do,4,2,
Video\Why-Choose-SSW.aspx,To-do,4,2,
WebPager\Default.aspx,To-do,4,2,
WebPager\UserGuide.aspx,To-do,4,2,
WisePRO\Default.aspx,Archived,2,0,
zsMaintenance\Default.aspx,To-do,4,2,
zsMaintenance\testimonialmodify.aspx,To-do,4,2,
CRMService.aspx,Done,1,0,
default.aspx,Done,1,0,
SharePointEventsService.aspx,Done,1,0,
SharePointExternalSpeakersService.aspx,Done,1,0,
SSWCustomError404.aspx,Done,1,0,
SSWExceptionTest.aspx,Done,1,0,
ThankYou.aspx,Done,1,0,
